0.0077953,1.0972e-05,3,0.0085212,4.1125e-05,3,0.0038897,4.9377e-05,1,0.0073015,2.6382e-05,3,0.0066928,2.3293e-05,2,0.0069721,0.00012115,2,0.0091699,0.00012012,2,0.0027309,0.00028156,2,0.0088728,6.0408e-05,2,0.0078698,1.9653e-05,3,0.0090094,2.6359e-05,3,0.0082005,8.7348e-05,1,0.0087678,6.4807e-05,2,0.0055043,3.8797e-05,3,0.0037291,0.0002962,1,0.0023165,0.00023104,1,0.0028729,0.00028804,1,0.0087279,0.00013887,3,0.0093329,0.00026352,2,0.0037686,0.00032774,2,0.0098054,6.5519e-05,2,0.0091017,0.00014824,2,0.0034413,0.00027131,2,0.0056756,0.00024031,1,0.0065294,7.8268e-05,2,0.0078116,0.00019584,2,0.0091531,6.257e-05,3,0.0069426,7.3969e-06,2,0.0065955,0.00018758,1,0.0072878,0.00013135,2,0.0075142,6.6778e-06,3,0.0079174,2.3379e-05,3,0.0069619,2.2782e-05,3,0.0098577,1.8581e-05,1,0.0074115,1.8981e-05,3,0.0033114,0.00037116,2,0.0092388,7.3788e-05,1,0.0031498,0.00047333,2,0.0079064,0.00025134,3,0.0038711,0.00041099,1,0.0063577,0.00014128,1,0.008751,9.2504e-05,2,0.0024332,2.3545e-05,1,0.0075005,2.7662e-05,3,0.0066103,1.8423e-05,3,0.0045109,0.00027215,2,0.012183,7.3858e-06,1,0.0028686,0.00032615,1,0.0078845,0,2,0.0066353,0.00019988,2,0.0052934,0.00028342,1,0.014595,8.0881e-05,1,0.0089457,2.128e-05,3,0.0026817,0.00026483,1,0.0083594,4.9779e-05,3,0.0013982,0.00018517,1,0.0078771,3.3004e-05,3,0.0085577,6.6358e-05,3,0.0080046,1.9525e-05,3,0.0092018,7.5697e-05,1,0.0098055,2.1614e-05,1
0.01246,1.3434e-05,3,0.011687,2.5474e-05,3,0.011669,5.0851e-05,1,0.012031,2.4476e-05,3,0.011101,1.9841e-05,2,0.010027,3.2493e-05,2,0.011389,3.5506e-05,2,0.011661,9.7164e-05,2,0.011699,4.2464e-05,2,0.012189,1.3351e-05,3,0.011106,1.8007e-05,3,0.012944,0.00010536,1,0.012439,3.5286e-05,2,0.011649,2.597e-05,3,0.011358,0.00028863,1,0.011703,0.00026996,1,0.011581,0.00032779,1,0.013037,3.384e-05,3,0.011701,2.5614e-05,2,0.011342,6.5868e-05,2,0.012015,0.00057283,2,0.011703,0.00036585,2,0.01198,0.00024437,2,0.011893,0.00032818,1,0.012402,3.3607e-05,2,0.011843,6.5029e-05,2,0.011293,1.4932e-05,3,0.011799,2.0127e-06,2,0.010204,0.00010429,1,0.011158,4.8406e-05,2,0.012089,6.7711e-06,3,0.011927,1.96e-05,3,0.011903,1.2393e-05,3,0.014004,1.682e-05,1,0.012058,1.3756e-05,3,0.012582,0.00018302,2,0.011143,4.593e-05,1,0.011865,7.0321e-05,2,0.011707,6.3942e-05,3,0.011787,4.9035e-05,1,0.012715,0.00017207,1,0.010897,5.8374e-05,2,0.010025,1.8258e-05,1,0.011639,2.6397e-05,3,0.011734,1.5194e-05,3,0.012347,2.9003e-05,2,0.015994,2.376e-05,1,0.011856,0.00012542,1,0.012681,3.7971e-06,2,0.012061,3.9363e-05,2,0.011438,0.00011744,1,0.0198,7.0931e-05,1,0.01264,2.2844e-05,3,0.011716,0.00033256,1,0.01127,3.4703e-05,3,0.012228,6.1573e-05,1,0.010736,1.3842e-05,3,0.011969,3.5556e-05,3,0.011635,1.3361e-05,3,0.011717,2.537e-05,1,0.011948,0.00027172,1
0.016282,1.3298e-05,3,0.015917,2.632e-05,3,0.016608,5.5347e-05,1,0.015826,2.451e-05,3,0.01577,2.4682e-05,2,0.016301,3.4846e-05,2,0.016446,3.2997e-05,2,0.015636,5.0886e-05,2,0.016458,2.1375e-05,2,0.016197,1.1316e-05,3,0.015405,2.653e-05,3,0.015067,6.5918e-05,1,0.015869,3.4019e-05,2,0.01651,3.0121e-05,3,0.015762,0.00023894,1,0.014267,0.00013502,1,0.016077,0.00033751,1,0.016216,3.5524e-05,3,0.018029,4.3269e-05,2,0.015242,4.0904e-05,2,0.015179,2.4672e-05,2,0.01749,4.7923e-05,2,0.014016,4.1155e-05,2,0.01774,5.9949e-05,1,0.015873,4.1661e-05,2,0.016231,7.6052e-05,2,0.016325,2.4403e-05,3,0.015687,6.5015e-06,2,0.017051,9.5594e-05,1,0.016473,4.6696e-05,2,0.015929,7.7147e-06,3,0.015956,2.1848e-05,3,0.015837,1.5287e-05,3,0.022621,3.1977e-05,1,0.015838,1.7574e-05,3,0.017238,5.3389e-05,2,0.016863,4.2873e-05,1,0.016734,2.4311e-05,2,0.015516,3.8094e-05,3,0.017761,0.00011475,1,0.016493,9.0798e-05,1,0.015303,4.7384e-05,2,0.014599,4.1492e-05,1,0.016052,2.9106e-05,3,0.015905,1.5975e-05,3,0.01659,3.3285e-05,2,0.023434,3.7365e-05,1,0.016878,6.9852e-05,1,0.016005,6.7052e-06,2,0.015474,3.8282e-05,2,0.015586,3.4886e-05,1,0.029128,8.3334e-05,1,0.016278,2.125e-05,3,0.016045,7.1397e-05,1,0.015965,4.6064e-05,3,0.017301,4.2207e-05,1,0.01624,2.4902e-05,3,0.016498,3.155e-05,3,0.015966,1.4403e-05,3,0.014955,3.5539e-05,1,0.01767,2.7629e-05,1
0.021886,1.3544e-05,3,0.021914,2.4815e-05,3,0.021295,4.7931e-05,1,0.021101,2.5823e-05,3,0.022152,2.3868e-05,2,0.021114,3.0627e-05,2,0.022586,3.0487e-05,2,0.023365,6.1629e-05,2,0.021741,3.0576e-05,2,0.021358,1.2805e-05,3,0.022192,2.5396e-05,3,0.022747,6.8637e-05,1,0.021943,3.2678e-05,2,0.021601,2.8794e-05,3,0.023513,7.8561e-05,1,0.021469,0.00012959,1,0.023966,6.5422e-05,1,0.021879,3.641e-05,3,0.022228,3.4893e-05,2,0.021878,3.6429e-05,2,0.021392,7.4022e-06,2,0.02025,6.6519e-05,2,0.020875,3.6702e-05,2,0.022056,5.9462e-05,1,0.022977,3.4016e-05,2,0.022274,5.7261e-05,2,0.021887,2.3419e-05,3,0.022728,7.5519e-06,2,0.021956,4.4651e-05,1,0.022421,4.1473e-05,2,0.021867,1.0381e-05,3,0.021275,2.3763e-05,3,0.022029,1.8266e-05,3,0.029573,3.0104e-05,1,0.021325,2.1747e-05,3,0.023131,4.7078e-05,2,0.021683,4.4222e-05,1,0.021145,3.124e-05,2,0.021772,3.8178e-05,3,0.023689,5.6773e-05,1,0.022452,5.3219e-05,1,0.020297,2.8413e-05,2,0.022579,3.2076e-05,1,0.022056,2.9707e-05,3,0.021421,1.8303e-05,3,0.022509,3.0738e-05,2,0.031185,4.3696e-05,1,0.023959,5.0764e-05,1,0.022189,3.3251e-06,2,0.022352,3.7124e-05,2,0.022091,4.8685e-05,1,0.037025,6.2868e-05,1,0.021003,2.1879e-05,3,0.0233,0.00011648,1,0.021653,3.0623e-05,3,0.022627,5.2588e-05,1,0.021999,2.3137e-05,3,0.021406,3.1065e-05,3,0.021131,1.6026e-05,3,0.02195,4.2692e-05,1,0.020167,2.2695e-05,1
0.028505,1.7465e-05,3,0.028783,2.8308e-05,3,0.0307,5.0652e-05,1,0.028798,2.9561e-05,3,0.029157,2.9366e-05,2,0.029252,3.9908e-05,2,0.030002,3.2289e-05,2,0.02991,4.7506e-05,2,0.029743,3.4082e-05,2,0.02857,1.5344e-05,3,0.028765,2.6902e-05,3,0.030134,5.1651e-05,1,0.029082,3.4229e-05,2,0.027892,2.8615e-05,3,0.030525,4.496e-05,1,0.029209,9.87e-05,1,0.030516,6.1321e-05,1,0.029218,3.9233e-05,3,0.028598,3.6431e-05,2,0.029673,4.0025e-05,2,0.029328,2.0176e-05,2,0.030006,5.4107e-05,2,0.029841,4.1204e-05,2,0.031999,5.187e-05,1,0.03007,3.3842e-05,2,0.031002,4.987e-05,2,0.029316,2.4896e-05,3,0.028683,1.1013e-05,2,0.029787,6.3329e-05,1,0.029679,3.4271e-05,2,0.028979,1.1683e-05,3,0.02837,2.7025e-05,3,0.029051,2.0084e-05,3,0.040198,3.2083e-05,1,0.028627,2.278e-05,3,0.029722,5.0409e-05,2,0.028928,4.188e-05,1,0.028227,2.6042e-05,2,0.029966,4.0341e-05,3,0.030768,4.9566e-05,1,0.030086,5.7313e-05,1,0.030525,0.00010091,2,0.028133,4.4598e-05,1,0.028435,3.5983e-05,3,0.028778,2.0199e-05,3,0.031102,3.7069e-05,2,0.041594,3.4975e-05,1,0.028895,6.1241e-05,1,0.02893,6.6798e-06,2,0.029578,4.1952e-05,2,0.028233,5.4057e-05,1,0.058415,7.4153e-05,1,0.029829,2.0079e-05,3,0.030418,6.5612e-05,1,0.029715,3.3046e-05,3,0.03015,4.3036e-05,1,0.029031,3.1152e-05,3,0.029319,3.3527e-05,3,0.028768,1.8626e-05,3,0.029443,3.9311e-05,1,0.03032,3.3074e-05,1
0.038528,2.2371e-05,3,0.038971,3.0708e-05,3,0.039309,5.7241e-05,1,0.038486,3.328e-05,3,0.039149,3.0595e-05,2,0.039845,4.5442e-05,2,0.039791,3.3809e-05,2,0.040106,3.9654e-05,2,0.039934,4.0447e-05,2,0.038799,1.6987e-05,3,0.039396,3.1999e-05,3,0.041003,6.4621e-05,1,0.039571,3.7529e-05,2,0.039155,3.1534e-05,3,0.041015,4.94e-05,1,0.039481,6.5277e-05,1,0.041616,5.4225e-05,1,0.039165,4.3102e-05,3,0.039578,3.7622e-05,2,0.039512,4.6205e-05,2,0.0392,2.9413e-05,2,0.039462,4.5274e-05,2,0.040369,4.7525e-05,2,0.037702,6.4418e-05,1,0.038672,3.6758e-05,2,0.040413,5.8959e-05,2,0.03926,3.0141e-05,3,0.039476,1.9872e-05,2,0.039975,5.8257e-05,1,0.039958,4.652e-05,2,0.038794,1.5783e-05,3,0.038961,3.0997e-05,3,0.038753,2.3209e-05,3,0.054986,3.0801e-05,1,0.038329,3.084e-05,3,0.0403,5.0405e-05,2,0.039151,5.5265e-05,1,0.039413,3.3021e-05,2,0.039388,4.1807e-05,3,0.040631,5.635e-05,1,0.039896,4.8427e-05,1,0.040253,2.462e-05,2,0.04198,4.8268e-05,1,0.039158,4.284e-05,3,0.038585,2.3226e-05,3,0.038653,3.8099e-05,2,0.054586,3.6539e-05,1,0.039418,7.1411e-05,1,0.038638,6.4438e-06,2,0.040227,4.087e-05,2,0.039284,5.6097e-05,1,0.077166,6.8207e-05,1,0.039425,2.5088e-05,3,0.040165,5.4871e-05,1,0.040271,4.2275e-05,3,0.040184,4.8153e-05,1,0.039144,3.0689e-05,3,0.038853,3.4473e-05,3,0.039051,2.2572e-05,3,0.039164,4.4225e-05,1,0.039163,3.0886e-05,1
0.0526,2.9505e-05,3,0.05223,3.3742e-05,3,0.053732,5.688e-05,1,0.052622,3.8709e-05,3,0.051772,3.5973e-05,2,0.052703,5.0203e-05,2,0.053319,3.876e-05,2,0.05376,5.9211e-05,2,0.052839,4.4216e-05,2,0.052265,2.1667e-05,3,0.052202,3.4335e-05,3,0.05514,7.2441e-05,1,0.053165,4.1614e-05,2,0.052267,3.6947e-05,3,0.053174,5.6173e-05,1,0.055288,6.5518e-05,1,0.052973,5.9566e-05,1,0.053279,4.8678e-05,3,0.053956,4.6231e-05,2,0.053416,5.4763e-05,2,0.053945,3.7931e-05,2,0.05408,5.5658e-05,2,0.052796,4.5793e-05,2,0.055372,6.1767e-05,1,0.052332,4.0235e-05,2,0.053917,6.0491e-05,2,0.052939,3.278e-05,3,0.052638,3.5702e-05,2,0.053943,6.1491e-05,1,0.053601,4.2022e-05,2,0.052358,1.8499e-05,3,0.052646,3.5127e-05,3,0.052765,2.9048e-05,3,0.070879,3.8967e-05,1,0.052087,4.0619e-05,3,0.053901,4.9719e-05,2,0.053538,5.6978e-05,1,0.053474,3.1781e-05,2,0.0526,4.425e-05,3,0.053897,7.4402e-05,1,0.05374,5.0823e-05,1,0.053462,4.9541e-05,2,0.055519,5.2337e-05,1,0.053397,4.7489e-05,3,0.052823,2.5558e-05,3,0.054007,3.8723e-05,2,0.070803,4.6136e-05,1,0.054366,7.0241e-05,1,0.053292,1.3348e-05,2,0.053678,4.5374e-05,2,0.052897,6.057e-05,1,0.096412,6.5636e-05,1,0.05256,3.1794e-05,3,0.053847,5.6647e-05,1,0.053183,4.0692e-05,3,0.053044,5.0431e-05,1,0.053289,3.6151e-05,3,0.053124,3.7363e-05,3,0.052776,2.4873e-05,3,0.053168,4.807e-05,1,0.052387,4.1652e-05,1
0.070718,3.3297e-05,3,0.07111,4.0499e-05,3,0.071395,6.0588e-05,1,0.071825,4.2316e-05,3,0.071355,4.1521e-05,2,0.072755,6.2342e-05,2,0.071172,4.307e-05,2,0.072143,7.1475e-05,2,0.071828,5.1106e-05,2,0.071572,2.5798e-05,3,0.071442,4.2443e-05,3,0.072526,8.0253e-05,1,0.070785,4.7396e-05,2,0.071627,4.2341e-05,3,0.071525,6.3717e-05,1,0.074717,7.1694e-05,1,0.072151,6.4475e-05,1,0.072723,5.6153e-05,3,0.072363,5.3165e-05,2,0.071356,5.4411e-05,2,0.072955,3.8947e-05,2,0.07207,5.2135e-05,2,0.071095,4.7441e-05,2,0.072996,6.936e-05,1,0.070819,5.032e-05,2,0.072096,6.7469e-05,2,0.071562,3.9138e-05,3,0.072431,5.6642e-05,2,0.070973,6.2167e-05,1,0.070166,4.5954e-05,2,0.070832,2.3218e-05,3,0.07168,3.7983e-05,3,0.071193,3.8401e-05,3,0.09752,4.1468e-05,1,0.071153,5.2242e-05,3,0.072136,5.837e-05,2,0.073299,6.4323e-05,1,0.071471,3.7432e-05,2,0.070788,5.0232e-05,3,0.074259,5.5152e-05,1,0.072716,5.1029e-05,1,0.072278,4.1973e-05,2,0.073141,5.1709e-05,1,0.071424,5.0779e-05,3,0.071366,2.7052e-05,3,0.070622,4.5561e-05,2,0.097983,5.3242e-05,1,0.07195,7.7817e-05,1,0.070233,2.0758e-05,2,0.072139,4.9343e-05,2,0.071553,6.7239e-05,1,0.13131,7.7855e-05,1,0.069747,3.5177e-05,3,0.073565,6.3409e-05,1,0.070067,4.5527e-05,3,0.07255,5.5955e-05,1,0.071683,4.1921e-05,3,0.071547,4.047e-05,3,0.071513,2.5652e-05,3,0.071741,5.2295e-05,1,0.073653,4.4346e-05,1
0.096734,3.9694e-05,3,0.096782,4.4159e-05,3,0.095846,7.0713e-05,1,0.096947,4.494e-05,3,0.096743,5.2801e-05,2,0.096699,6.4783e-05,2,0.096172,4.9301e-05,2,0.096744,8.2622e-05,2,0.096928,5.9582e-05,2,0.096517,3.2039e-05,3,0.096342,4.7528e-05,3,0.097103,8.5498e-05,1,0.096922,5.1282e-05,2,0.097519,4.8099e-05,3,0.097648,7.4696e-05,1,0.098449,8.0252e-05,1,0.096602,7.1672e-05,1,0.096711,6.0904e-05,3,0.096863,5.8354e-05,2,0.096499,5.8536e-05,2,0.097245,5.2245e-05,2,0.096931,5.9791e-05,2,0.095315,5.5422e-05,2,0.099245,7.6375e-05,1,0.096134,5.7942e-05,2,0.095941,7.329e-05,2,0.096924,4.3753e-05,3,0.099984,6.9704e-05,2,0.097491,7.7033e-05,1,0.095741,5.2373e-05,2,0.096244,2.7646e-05,3,0.096691,4.0542e-05,3,0.097109,4.3992e-05,3,0.13173,5.1017e-05,1,0.095281,5.5246e-05,3,0.096862,6.3143e-05,2,0.09774,6.9679e-05,1,0.098425,4.8796e-05,2,0.097211,5.593e-05,3,0.096126,6.8714e-05,1,0.095775,5.9648e-05,1,0.10058,7.1978e-05,2,0.097941,6.1192e-05,1,0.097206,5.6445e-05,3,0.097043,2.8242e-05,3,0.095523,5.4447e-05,2,0.12866,6.3925e-05,1,0.09694,8.4545e-05,1,0.094438,2.4735e-05,2,0.0978,5.1078e-05,2,0.096526,7.646e-05,1,0.17443,9.023e-05,1,0.096073,4.217e-05,3,0.097454,7.1821e-05,1,0.095555,5.3195e-05,3,0.095666,6.2364e-05,1,0.09671,4.9415e-05,3,0.097107,4.5583e-05,3,0.097417,2.7232e-05,3,0.096154,5.867e-05,1,0.096122,5.8671e-05,1
0.13196,4.2366e-05,3,0.1308,4.8361e-05,3,0.13184,7.908e-05,1,0.1313,4.8336e-05,3,0.13198,6.4194e-05,2,0.13018,7.9482e-05,2,0.13142,5.5067e-05,2,0.13127,9.2055e-05,2,0.13297,7.3016e-05,2,0.13084,3.6785e-05,3,0.13178,5.5231e-05,3,0.13232,9.4304e-05,1,0.12933,5.9419e-05,2,0.13047,5.8677e-05,3,0.13156,8.7831e-05,1,0.13017,8.7205e-05,1,0.13044,8.1408e-05,1,0.13106,7.0255e-05,3,0.12844,6.9819e-05,2,0.13125,6.7439e-05,2,0.13171,5.9626e-05,2,0.13122,6.4529e-05,2,0.12998,6.9043e-05,2,0.13097,7.6984e-05,1,0.12931,7.5327e-05,2,0.13044,8.2812e-05,2,0.13056,5.0772e-05,3,0.13267,7.582e-05,2,0.13051,8.5084e-05,1,0.13036,5.6318e-05,2,0.13113,3.1227e-05,3,0.13022,4.3211e-05,3,0.13068,5.3295e-05,3,0.17451,5.9803e-05,1,0.1304,6.2424e-05,3,0.12828,7.161e-05,2,0.13164,8.1575e-05,1,0.13034,5.1529e-05,2,0.13139,7.219e-05,3,0.13198,8.144e-05,1,0.12894,6.8267e-05,1,0.12968,7.7084e-05,2,0.13141,6.7843e-05,1,0.1316,6.0428e-05,3,0.13068,3.0662e-05,3,0.13249,6.9217e-05,2,0.17826,7.7942e-05,1,0.13087,9.2256e-05,1,0.12877,3.3748e-05,2,0.13025,6.2118e-05,2,0.13204,9.1169e-05,1,0.23897,0.00010856,1,0.13157,5.4184e-05,3,0.13085,8.3973e-05,1,0.13224,5.8244e-05,3,0.12841,6.9051e-05,1,0.13047,5.8013e-05,3,0.13048,5.0856e-05,3,0.13099,2.9485e-05,3,0.12745,6.4427e-05,1,0.13092,7.2092e-05,1
0.17511,4.5338e-05,3,0.17706,5.5029e-05,3,0.17702,9.3267e-05,1,0.17683,5.4077e-05,3,0.17618,7.2761e-05,2,0.17611,9.2673e-05,2,0.17716,6.2463e-05,2,0.17757,9.8704e-05,2,0.17599,8.0897e-05,2,0.17747,4.0363e-05,3,0.17653,6.2458e-05,3,0.17498,0.00010353,1,0.17587,6.6501e-05,2,0.17625,6.8543e-05,3,0.17812,0.00010076,1,0.17747,9.2955e-05,1,0.17472,9.3787e-05,1,0.17663,8.189e-05,3,0.176,8.5338e-05,2,0.17818,8.1478e-05,2,0.17316,7.123e-05,2,0.17687,7.1555e-05,2,0.17831,8.3587e-05,2,0.17858,9.8428e-05,1,0.17944,9.0052e-05,2,0.17464,9.4444e-05,2,0.17651,5.8334e-05,3,0.17697,8.1881e-05,2,0.17776,9.5453e-05,1,0.17741,6.9369e-05,2,0.17676,3.5323e-05,3,0.17603,4.7042e-05,3,0.17593,6.1419e-05,3,0.23567,8.6611e-05,1,0.17267,6.743e-05,3,0.17713,8.2705e-05,2,0.17721,9.2643e-05,1,0.17455,6.5817e-05,2,0.17634,8.2865e-05,3,0.1759,0.0001043,1,0.17304,8.0404e-05,1,0.17936,8.1453e-05,2,0.17673,7.6951e-05,1,0.17688,6.375e-05,3,0.17651,3.3803e-05,3,0.17627,8.7194e-05,2,0.23874,9.3145e-05,1,0.17762,0.00010927,1,0.17448,5.1632e-05,2,0.17654,6.8566e-05,2,0.17816,0.00010164,1,0.32004,0.0001182,1,0.17678,5.8674e-05,3,0.17555,9.4443e-05,1,0.17883,6.6935e-05,3,0.17403,8.0548e-05,1,0.17757,6.5799e-05,3,0.17605,5.756e-05,3,0.17647,3.2926e-05,3,0.17548,7.8118e-05,1,0.17542,8.0617e-05,1
0.23882,5.2838e-05,3,0.23942,6.2452e-05,3,0.23935,0.0001096,1,0.23805,5.9285e-05,3,0.23701,8.4082e-05,2,0.24173,0.00010303,2,0.23859,6.946e-05,2,0.23724,0.00011375,2,0.23763,9.8551e-05,2,0.2397,4.649e-05,3,0.23909,7.0744e-05,3,0.2405,0.00012211,1,0.23921,7.5794e-05,2,0.23937,7.9414e-05,3,0.23793,0.00011215,1,0.23534,0.00010826,1,0.2383,0.00010933,1,0.24076,9.599e-05,3,0.23571,0.00010165,2,0.23861,9.3882e-05,2,0.23945,8.7145e-05,2,0.23957,8.3179e-05,2,0.23954,0.00010059,2,0.23878,0.0001154,1,0.24076,0.00010998,2,0.23907,0.00010427,2,0.23932,6.8116e-05,3,0.24025,9.3838e-05,2,0.23788,0.0001194,1,0.23934,8.0563e-05,2,0.23891,3.8824e-05,3,0.23824,5.1872e-05,3,0.23876,7.0538e-05,3,0.32139,0.00010326,1,0.2413,8.2951e-05,3,0.23801,9.6376e-05,2,0.23812,0.00010652,1,0.23729,8.0627e-05,2,0.23967,9.6728e-05,3,0.24268,0.00011324,1,0.23667,9.6238e-05,1,0.24086,0.00011559,2,0.23736,9.1222e-05,1,0.23979,7.0088e-05,3,0.23844,3.8165e-05,3,0.2404,9.9377e-05,2,0.32757,0.00010599,1,0.2366,0.00012702,1,0.2339,3.9688e-05,2,0.23896,8.0139e-05,2,0.23974,0.00011303,1,0.43813,0.00013522,1,0.23853,6.8426e-05,3,0.238,0.00011333,1,0.23848,7.4492e-05,3,0.23836,9.09e-05,1,0.23958,7.3619e-05,3,0.23853,6.2855e-05,3,0.23762,3.8252e-05,3,0.23468,8.7427e-05,1,0.23814,9.4835e-05,1
0.32122,5.9823e-05,3,0.32365,7.0201e-05,3,0.32282,0.00011388,1,0.32274,6.5412e-05,3,0.32184,9.5233e-05,2,0.32453,0.0001196,2,0.32359,7.7487e-05,2,0.32358,0.00012221,2,0.3224,0.00011072,2,0.32383,5.4645e-05,3,0.32157,8.4942e-05,3,0.32186,0.0001393,1,0.32239,8.6208e-05,2,0.32335,9.3831e-05,3,0.32239,0.00012854,1,0.3234,0.00012662,1,0.32123,0.00012192,1,0.32325,0.00011115,3,0.32465,0.00011555,2,0.32306,0.00010866,2,0.32268,0.00011072,2,0.32207,9.4267e-05,2,0.3237,0.00011546,2,0.32473,0.00012906,1,0.32417,0.00012977,2,0.32243,0.0001136,2,0.32362,7.9519e-05,3,0.32153,0.00010429,2,0.32419,0.00013373,1,0.32427,9.2939e-05,2,0.3224,4.6133e-05,3,0.3214,5.7087e-05,3,0.32282,8.2628e-05,3,0.44165,0.00012433,1,0.3222,9.7654e-05,3,0.3226,0.00010837,2,0.3194,0.00012839,1,0.32335,9.9924e-05,2,0.32564,0.00011491,3,0.3232,0.00013259,1,0.32182,0.0001121,1,0.33156,0.00012681,2,0.32401,0.00010294,1,0.32517,7.8874e-05,3,0.3238,4.3787e-05,3,0.32486,0.00011609,2,0.43906,0.00012475,1,0.31969,0.00014249,1,0.32204,6.0234e-05,2,0.32175,9.0788e-05,2,0.32572,0.00012057,1,0.59697,0.00015986,1,0.32335,7.7454e-05,3,0.32574,0.00012466,1,0.3227,8.8013e-05,3,0.32261,0.0001049,1,0.32467,8.285e-05,3,0.3234,6.7208e-05,3,0.3227,4.5162e-05,3,0.32228,9.9858e-05,1,0.32638,0.00010796,1
0.43394,6.9605e-05,3,0.43574,7.6815e-05,3,0.4375,0.00012816,1,0.43539,7.1085e-05,3,0.43619,0.00010839,2,0.43575,0.00012933,2,0.43595,8.7214e-05,2,0.43729,0.00013894,2,0.43521,0.0001239,2,0.43613,6.5865e-05,3,0.43395,9.5974e-05,3,0.43602,0.0001589,1,0.43512,9.4919e-05,2,0.43771,0.00010329,3,0.43276,0.00014117,1,0.43415,0.00014058,1,0.43816,0.00013915,1,0.43881,0.00012553,3,0.43288,0.00013424,2,0.437,0.00012402,2,0.43614,0.00013134,2,0.43819,0.0001036,2,0.44,0.00013267,2,0.42857,0.0001497,1,0.43783,0.00014545,2,0.43948,0.00012434,2,0.43707,9.0411e-05,3,0.43488,0.00011687,2,0.43463,0.00015506,1,0.43657,0.00010639,2,0.43894,5.6663e-05,3,0.43506,6.1468e-05,3,0.43641,0.00010081,3,0.59502,0.00013457,1,0.44352,0.00011416,3,0.43845,0.00012445,2,0.43457,0.00014395,1,0.43622,0.00012435,2,0.4374,0.00013334,3,0.43514,0.00015221,1,0.43646,0.00012606,1,0.44032,0.00013818,2,0.43201,0.0001129,1,0.43903,8.8217e-05,3,0.43863,4.9673e-05,3,0.4394,0.00012747,2,0.59329,0.00014127,1,0.43579,0.00016408,1,0.43947,7.7483e-05,2,0.43634,0.00010648,2,0.43218,0.00013741,1,0.80487,0.00018023,1,0.43476,8.7195e-05,3,0.43514,0.00014653,1,0.43415,0.00010598,3,0.43412,0.00011498,1,0.43774,9.5045e-05,3,0.43676,7.3659e-05,3,0.43748,5.1098e-05,3,0.43777,0.00011098,1,0.43344,0.00012124,1
0.58935,7.558e-05,3,0.59029,8.612e-05,3,0.58957,0.00013284,1,0.58822,7.6125e-05,3,0.58892,0.00011966,2,0.58855,0.00014819,2,0.5886,9.235e-05,2,0.59062,0.00014482,2,0.58752,0.00013796,2,0.59179,7.8389e-05,3,0.59085,0.00011209,3,0.59265,0.00017406,1,0.58862,0.00010565,2,0.59085,0.00011562,3,0.58776,0.00015448,1,0.5907,0.00015844,1,0.59012,0.00015061,1,0.59352,0.00014159,3,0.58995,0.00014672,2,0.59178,0.00013912,2,0.59312,0.00015534,2,0.59248,0.00011434,2,0.59368,0.00015538,2,0.58598,0.00016532,1,0.59381,0.00015482,2,0.58975,0.00013575,2,0.59015,9.98e-05,3,0.59165,0.00013023,2,0.58711,0.00017412,1,0.59144,0.00012097,2,0.59036,6.5612e-05,3,0.58869,6.5791e-05,3,0.59128,0.0001158,3,0.79974,0.0001545,1,0.59367,0.00012943,3,0.59034,0.00013674,2,0.58738,0.00016149,1,0.59103,0.00015225,2,0.59137,0.00015265,3,0.5901,0.00017778,1,0.5889,0.00014193,1,0.59464,0.00016888,2,0.58882,0.00012624,1,0.591,9.7044e-05,3,0.59088,5.6064e-05,3,0.59436,0.0001482,2,0.79439,0.00015744,1,0.59,0.00018354,1,0.60589,0.00010375,2,0.59159,0.00012432,2,0.59295,0.00014803,1,1.0894,0.00019597,1,0.59324,0.00010127,3,0.58467,0.00015735,1,0.59198,0.00012016,3,0.58748,0.00012182,1,0.59283,0.00010593,3,0.58879,7.9868e-05,3,0.5909,5.765e-05,3,0.58878,0.00011755,1,0.59362,0.00013693,1
0.79624,8.2005e-05,3,0.79911,9.291e-05,3,0.79473,0.000145,1,0.79237,8.0394e-05,3,0.79596,0.00013126,2,0.7966,0.00015754,2,0.79769,0.00010375,2,0.79964,0.00015922,2,0.79723,0.00015396,2,0.79876,8.8889e-05,3,0.79722,0.0001294,3,0.79613,0.00019511,1,0.79537,0.00011813,2,0.79655,0.00013057,3,0.79466,0.00016215,1,0.79794,0.00016611,1,0.79919,0.00016786,1,0.79902,0.00015427,3,0.79865,0.00016758,2,0.79869,0.00015911,2,0.79535,0.00018179,2,0.79803,0.00012687,2,0.79382,0.00018019,2,0.80702,0.00018675,1,0.79748,0.0001842,2,0.79843,0.00014673,2,0.79764,0.00011035,3,0.79739,0.00014003,2,0.79452,0.00019968,1,0.797,0.00013627,2,0.80133,7.9092e-05,3,0.79604,6.917e-05,3,0.79923,0.00013258,3,1.079,0.00016829,1,0.7952,0.00014577,3,0.7947,0.00014886,2,0.79451,0.00017706,1,0.80286,0.00017306,2,0.80008,0.00017591,3,0.79972,0.00020335,1,0.79617,0.00015534,1,0.79174,0.00018813,2,0.79637,0.00013481,1,0.79993,0.0001057,3,0.80056,6.209e-05,3,0.79556,0.00015631,2,1.0764,0.00017226,1,0.79626,0.00020383,1,0.82094,0.0001446,2,0.79823,0.00013642,2,0.78905,0.00016605,1,1.4553,0.00021746,1,0.80296,0.00011739,3,0.8002,0.00017636,1,0.8023,0.00014607,3,0.79454,0.00012899,1,0.8021,0.000116,3,0.79599,8.4463e-05,3,0.79789,6.2539e-05,3,0.79519,0.00012776,1,0.80073,0.00014386,1
1.0748,8.7475e-05,3,1.0766,0.0001007,3,1.0847,0.00014484,1,1.0723,8.6587e-05,3,1.0728,0.00014598,2,1.076,0.00017458,2,1.075,0.00011032,2,1.082,0.00016969,2,1.077,0.00016623,2,1.082,0.00010503,3,1.0769,0.00014921,3,1.0746,0.00021091,1,1.0759,0.00012888,2,1.0768,0.00014005,3,1.0697,0.00017247,1,1.082,0.00018451,1,1.0734,0.00018374,1,1.0824,0.0001723,3,1.0731,0.00018027,2,1.0802,0.00017573,2,1.0785,0.00020447,2,1.0785,0.00013406,2,1.0783,0.0002065,2,1.0861,0.00020065,1,1.0883,0.00020864,2,1.078,0.00015869,2,1.0769,0.00011976,3,1.0777,0.00014527,2,1.0772,0.00021954,1,1.078,0.00015467,2,1.0816,9.2936e-05,3,1.0745,7.3316e-05,3,1.0811,0.0001477,3,1.4585,0.00017633,1,1.0784,0.00016109,3,1.0794,0.00016444,2,1.0796,0.00019595,1,1.0909,0.00020796,2,1.0782,0.0001943,3,1.074,0.00023319,1,1.0734,0.00018003,1,1.0893,0.00023332,2,1.0743,0.00014426,1,1.0812,0.00011232,3,1.0812,6.8414e-05,3,1.0868,0.00018537,2,1.4546,0.00019103,1,1.0778,0.00023451,1,1.0797,0.00018738,2,1.0823,0.00014808,2,1.074,0.00018579,1,1.9783,0.00022474,1,1.0894,0.00012755,3,1.0727,0.00019682,1,1.0777,0.00015893,3,1.07,0.00014013,1,1.085,0.00013011,3,1.0729,8.8672e-05,3,1.0741,6.5625e-05,3,1.0759,0.00013715,1,1.0868,0.00016915,1
1.4483,8.6702e-05,3,1.4518,0.00010664,3,1.4629,0.00015084,1,1.4518,9.1791e-05,3,1.4542,0.00014699,2,1.4566,0.00018722,2,1.4528,0.00011661,2,1.4591,0.00018063,2,1.4587,0.00017988,2,1.4629,0.00011219,3,1.4524,0.00015646,3,1.451,0.00024159,1,1.4512,0.00013982,2,1.4599,0.00015431,3,1.4559,0.00018409,1,1.4578,0.00019588,1,1.4522,0.00019601,1,1.4685,0.00019328,3,1.4565,0.00019104,2,1.4549,0.00019607,2,1.4663,0.00022775,2,1.461,0.00014621,2,1.4544,0.00021738,2,1.4545,0.00021899,1,1.457,0.00021919,2,1.4535,0.0001707,2,1.4599,0.00012804,3,1.4639,0.00015948,2,1.4504,0.0002469,1,1.4579,0.00017206,2,1.464,0.00010576,3,1.4492,7.7641e-05,3,1.4652,0.00016483,3,1.9819,0.00018446,1,1.4594,0.00017831,3,1.4577,0.00018073,2,1.4522,0.00020422,1,1.4636,0.00023108,2,1.4613,0.00021357,3,1.4612,0.00025289,1,1.4508,0.00019139,1,1.4621,0.00026282,2,1.4559,0.00014694,1,1.457,0.00011632,3,1.4598,7.5542e-05,3,1.4619,0.0002008,2,1.9654,0.00020118,1,1.4481,0.0002486,1,1.4526,0.00022154,2,1.4624,0.00016622,2,1.4639,0.00020143,1,2.6761,0.00024354,1,1.4646,0.00013923,3,1.4459,0.00020712,1,1.4655,0.00018314,3,1.4535,0.00014843,1,1.4661,0.00014496,3,1.4562,8.9777e-05,3,1.4587,7.0305e-05,3,1.453,0.0001434,1,1.4789,0.00017469,1
1.9725,8.1165e-05,3,1.9642,0.00011081,3,1.9753,0.00016427,1,1.9635,9.7703e-05,3,1.9628,0.00015008,2,1.9713,0.00019857,2,1.9616,0.00012885,2,1.9798,0.00019458,2,1.9591,0.00018192,2,1.9715,0.00012319,3,1.9712,0.00017595,3,1.9729,0.0002583,1,1.966,0.00015158,2,1.9712,0.00015803,3,1.9709,0.00019383,1,1.9649,0.00020923,1,1.9639,0.00020588,1,1.9769,0.00020742,3,1.9685,0.00021434,2,1.9707,0.00021129,2,1.9774,0.00024163,2,1.9695,0.00015511,2,1.9719,0.00023448,2,1.9892,0.00022122,1,1.9926,0.00023485,2,1.9677,0.00018634,2,1.9746,0.00013907,3,1.9705,0.00016905,2,1.9672,0.00027133,1,1.9683,0.00019526,2,1.9779,0.00011899,3,1.9638,8.7798e-05,3,1.9832,0.00017062,3,2.6653,0.00020271,1,1.9772,0.00018922,3,1.9617,0.00018921,2,1.9623,0.00021401,1,1.981,0.00025907,2,1.9734,0.00023338,3,1.9783,0.0002909,1,1.9647,0.00020208,1,2.0066,0.00030207,2,1.9688,0.00015033,1,1.9693,0.00012211,3,1.971,8.1275e-05,3,1.9794,0.00021552,2,2.6593,0.00020359,1,1.9694,0.00027509,1,1.9869,0.0002535,2,1.9656,0.00017961,2,1.9849,0.00021479,1,NaN,NaN,1,1.9904,0.00016044,3,1.9578,0.00021961,1,1.9761,0.00019658,3,1.9708,0.00015692,1,1.9841,0.0001573,3,1.9589,9.441e-05,3,1.9649,7.1637e-05,3,1.9668,0.00015485,1,1.9878,0.00019348,1
2.6603,7.9828e-05,3,2.6529,0.00011835,3,2.6601,0.00016737,1,2.6493,0.00010021,3,2.6443,0.0001572,2,2.6655,0.00022006,2,2.6524,0.00013379,2,2.6697,0.00020569,2,2.6662,0.00019278,2,2.6709,0.00013642,3,2.6542,0.00018421,3,2.6557,0.00027641,1,2.6661,0.0001581,2,2.6572,0.00017051,3,2.6757,0.0001959,1,2.654,0.00022086,1,2.6722,0.00021487,1,2.6715,0.00022834,3,2.659,0.00021593,2,2.6616,0.00023045,2,2.6711,0.00026906,2,2.6643,0.00017028,2,2.6638,0.00025313,2,2.6778,0.00023427,1,2.688,0.00027686,2,2.677,0.00019613,2,2.6691,0.00015319,3,2.6616,0.00018362,2,2.6793,0.00027567,1,2.6611,0.00019889,2,2.6628,0.0001273,3,2.6499,8.7301e-05,3,2.6721,0.0001835,3,NaN,NaN,1,2.6625,0.00020812,3,2.6619,0.00021309,2,2.6639,0.00021233,1,2.6801,0.00028035,2,2.665,0.00024724,3,2.6482,0.00031368,1,2.6707,0.00022499,1,2.668,0.00034092,2,2.6625,0.00015219,1,2.6645,0.00012698,3,2.6562,8.4997e-05,3,2.6837,0.00023668,2,NaN,NaN,1,2.6707,0.00028337,1,2.6747,0.00028917,2,2.6674,0.00019531,2,2.6623,0.00022166,1,NaN,NaN,1,2.6762,0.00017933,3,2.6568,0.00023537,1,2.6729,0.00021031,3,2.6464,0.00016106,1,2.681,0.00017255,3,2.6571,9.7384e-05,3,2.6511,7.5464e-05,3,2.662,0.00015559,1,2.6711,0.00020926,1
