0.0001367,0.00010933,8.115e-05
0.0001501,0.00011883,8.7574e-05
0.00016191,0.00012743,9.3597e-05
0.00017088,0.00013406,9.8318e-05
0.00017788,0.00013924,0.00010204
0.00018312,0.00014309,0.00010503
0.00018711,0.00014636,0.00010742
0.00019023,0.00014892,0.00010942
0.00019273,0.00015078,0.00011107
0.00019457,0.00015226,0.00011238
0.00019622,0.00015343,0.0001135
0.00019746,0.00015438,0.00011455
0.00019862,0.0001552,0.00011546
0.00019937,0.00015582,0.00011609
0.00020005,0.00015633,0.00011676
0.00020042,0.00015669,0.0001173
0.00020119,0.00015714,0.00011781
0.0002017,0.00015742,0.00011825
0.00020203,0.00015769,0.00011862
0.00020236,0.00015794,0.00011897
0.00020272,0.00015799,0.00011926
0.00020302,0.00015824,0.0001195
0.00020334,0.00015832,0.00011971
0.0002035,0.00015854,0.00011986
0.00020367,0.00015851,0.00012005
0.00020399,0.00015861,0.00012019
0.00020417,0.00015873,0.00012023
0.00020449,0.0001588,0.00012038
0.0002048,0.00015879,0.00012049
0.00020502,0.00015881,0.00012057
0.00020529,0.00015882,0.00012072
0.00020554,0.00015876,0.0001207
0.00020575,0.00015871,0.00012079
0.00020584,0.00015872,0.00012081
0.0002058,0.00015879,0.00012079
0.00020592,0.00015883,0.00012077
0.00020624,0.00015879,0.00012075
0.00020655,0.0001587,0.00012069
0.00020661,0.00015851,0.00012065
0.00020676,0.00015854,0.00012071
0.00020696,0.00015856,0.00012072
0.00020715,0.00015845,0.00012071
0.00020743,0.00015846,0.00012068
0.00020746,0.00015843,0.00012058
0.00020787,0.00015845,0.00012049
0.0002081,0.00015847,0.00012048
0.00020825,0.0001584,0.00012046
0.00020852,0.00015848,0.00012045
0.00020851,0.00015836,0.00012047
0.00020884,0.00015834,0.0001204
0.00020885,0.00015845,0.00012036
0.00020912,0.00015856,0.00012036
0.00020936,0.00015849,0.00012032
0.0002098,0.00015859,0.00012018
0.00021029,0.00015855,0.00012011
0.00021035,0.00015835,0.00011998
0.00021055,0.00015851,0.00011989
0.00021069,0.00015849,0.00011981
0.00021092,0.00015848,0.0001197
0.00021122,0.00015825,0.00011966
0.00021142,0.00015831,0.00011958
0.00021172,0.00015828,0.00011952
0.00021183,0.0001581,0.00011945
0.00021209,0.0001582,0.00011939
0.00021226,0.00015826,0.00011926
0.00021244,0.00015833,0.00011914
0.00021263,0.00015824,0.00011908
0.00021281,0.00015842,0.00011899
0.00021289,0.00015835,0.00011892
0.0002132,0.00015843,0.00011889
0.00021311,0.00015841,0.0001188
0.00021319,0.0001583,0.00011881
0.00021341,0.00015841,0.00011873
0.00021371,0.00015837,0.00011854
0.00021394,0.00015833,0.00011851
0.00021406,0.00015837,0.00011845
0.00021409,0.00015823,0.00011842
0.00021432,0.00015821,0.00011835
0.00021442,0.00015812,0.00011836
0.00021458,0.00015804,0.00011838
0.0002146,0.00015788,0.00011832
0.00021491,0.00015802,0.00011823
0.00021505,0.00015791,0.0001182
0.00021515,0.0001577,0.00011805
0.00021551,0.00015778,0.00011801
0.00021545,0.00015759,0.00011793
0.00021551,0.00015757,0.00011793
0.00021546,0.00015762,0.00011795
0.00021568,0.00015769,0.00011787
0.00021564,0.00015756,0.00011781
0.00021581,0.00015748,0.00011771
0.00021571,0.00015747,0.00011761
0.00021584,0.00015754,0.00011753
0.00021584,0.0001574,0.00011743
0.0002158,0.00015734,0.00011733
0.00021579,0.00015749,0.0001172
0.00021594,0.00015752,0.00011705
0.00021617,0.00015758,0.00011706
0.0002162,0.00015763,0.000117
0.00021619,0.00015758,0.0001169
0.00021621,0.00015761,0.00011683
0.00021629,0.00015764,0.0001167
0.00021641,0.00015761,0.00011665
0.0002164,0.0001576,0.00011662
0.00021644,0.00015753,0.00011658
0.0002164,0.0001575,0.0001165
0.0002165,0.00015747,0.00011646
0.00021678,0.00015734,0.0001164
0.00021679,0.00015738,0.00011635
0.00021658,0.00015744,0.00011623
0.0002165,0.00015753,0.0001161
0.00021649,0.0001574,0.00011607
0.00021648,0.00015752,0.00011601
0.00021652,0.00015748,0.00011594
0.00021653,0.00015759,0.00011585
0.00021651,0.00015762,0.00011579
0.00021644,0.00015774,0.00011577
0.00021641,0.0001577,0.00011579
0.00021637,0.0001577,0.00011571
0.00021636,0.00015768,0.00011563
0.00021631,0.00015779,0.0001156
0.00021648,0.00015773,0.00011547
0.00021665,0.00015767,0.00011542
0.00021666,0.00015773,0.00011533
0.00021674,0.00015778,0.00011523
0.00021674,0.00015781,0.00011523
0.00021666,0.00015789,0.00011512
0.0002166,0.00015787,0.00011509
0.00021655,0.00015788,0.00011513
0.00021663,0.00015783,0.00011502
0.0002166,0.00015784,0.00011498
0.00021664,0.00015784,0.00011494
0.00021651,0.00015784,0.00011496
0.0002165,0.00015775,0.00011488
0.00021658,0.00015781,0.00011479
0.00021667,0.00015786,0.00011472
0.00021669,0.00015785,0.00011468
0.00021667,0.00015783,0.00011457
0.0002166,0.00015774,0.00011455
0.00021657,0.00015766,0.00011444
0.00021671,0.00015753,0.00011436
0.00021669,0.00015755,0.00011429
0.00021668,0.00015733,0.00011422
0.00021678,0.00015734,0.00011416
0.00021691,0.00015742,0.00011408
0.00021682,0.00015734,0.00011403
0.00021669,0.0001573,0.00011401
0.00021665,0.00015713,0.00011401
0.00021654,0.00015706,0.00011393
0.00021656,0.00015689,0.00011391
0.0002165,0.00015682,0.00011387
0.00021651,0.00015667,0.00011378
0.00021669,0.00015652,0.00011367
0.00021652,0.00015656,0.00011361
0.00021654,0.00015655,0.00011354
0.00021651,0.00015657,0.00011347
0.0002166,0.00015653,0.0001134
0.00021654,0.00015645,0.00011334
0.00021653,0.00015647,0.00011332
0.00021653,0.00015656,0.00011327
0.00021642,0.00015651,0.00011329
0.0002164,0.00015636,0.00011328
0.0002163,0.00015634,0.00011321
0.00021628,0.00015637,0.00011319
0.00021624,0.00015634,0.00011315
0.0002163,0.00015622,0.00011316
0.00021626,0.00015617,0.00011313
0.00021641,0.00015613,0.00011309
0.00021638,0.00015614,0.00011307
0.00021625,0.00015606,0.00011299
0.00021623,0.00015606,0.00011293
0.00021619,0.00015591,0.00011284
0.00021604,0.00015581,0.00011281
0.00021595,0.00015583,0.00011273
0.00021595,0.00015571,0.00011274
0.00021602,0.00015566,0.00011267
0.00021601,0.00015577,0.00011268
0.00021599,0.00015571,0.00011254
0.00021597,0.00015563,0.00011247
0.00021584,0.00015559,0.00011243
0.00021565,0.00015558,0.00011236
0.00021564,0.00015562,0.00011237
0.00021564,0.00015566,0.00011237
0.00021557,0.00015557,0.00011237
0.00021557,0.00015569,0.00011228
0.00021555,0.0001557,0.00011227
0.00021545,0.00015574,0.00011228
0.00021551,0.00015573,0.00011218
0.00021541,0.00015566,0.00011219
0.00021524,0.00015567,0.00011209
0.000215,0.00015543,0.0001121
0.00021505,0.00015539,0.00011211
0.00021487,0.00015539,0.00011202
0.00021481,0.00015533,0.00011195
0.00021482,0.00015526,0.000112
0.00021484,0.00015518,0.00011198
0.00021487,0.00015512,0.00011198
0.0002148,0.00015497,0.00011189
0.00021482,0.00015485,0.0001119
0.00021475,0.00015463,0.00011185
0.00021456,0.00015452,0.00011184
0.00021452,0.00015445,0.00011186
0.00021432,0.0001543,0.00011176
0.00021423,0.00015428,0.0001118
0.00021411,0.00015424,0.00011175
0.00021414,0.00015417,0.0001117
0.00021423,0.0001541,0.00011166
0.0002142,0.00015389,0.0001117
0.00021404,0.00015382,0.00011166
0.00021403,0.00015374,0.00011157
0.00021402,0.00015373,0.00011156
0.00021408,0.00015373,0.00011151
0.00021403,0.00015368,0.00011144
0.00021395,0.00015371,0.00011143
0.00021395,0.00015376,0.00011134
0.00021389,0.00015377,0.00011133
0.00021393,0.00015368,0.00011123
0.00021377,0.00015361,0.00011116
0.00021367,0.00015351,0.00011112
0.00021354,0.00015351,0.0001111
0.00021348,0.00015346,0.00011099
0.00021344,0.00015338,0.00011099
0.00021348,0.00015332,0.00011097
0.00021343,0.00015324,0.00011094
0.00021336,0.00015308,0.00011092
0.00021326,0.00015305,0.00011089
0.00021318,0.00015295,0.00011084
0.00021298,0.00015287,0.00011084
0.00021302,0.00015279,0.00011081
0.00021285,0.00015273,0.00011078
0.00021286,0.00015268,0.00011073
0.00021275,0.00015264,0.0001107
0.00021285,0.00015259,0.00011058
0.00021286,0.00015247,0.00011046
0.00021276,0.00015248,0.00011048
0.00021247,0.00015235,0.00011044
0.00021237,0.00015227,0.00011042
0.00021221,0.00015213,0.00011036
0.00021212,0.0001521,0.00011029
0.00021216,0.00015207,0.00011027
0.00021218,0.00015199,0.00011027
0.00021216,0.00015194,0.00011026
0.00021211,0.00015188,0.00011025
0.000212,0.00015179,0.00011014
0.00021191,0.00015174,0.00011014
0.00021177,0.00015171,0.00011011
0.00021165,0.00015165,0.00011017
0.0002115,0.00015152,0.00011012
0.0002114,0.00015141,0.0001101
0.0002114,0.00015145,0.0001101
0.00021132,0.00015141,0.0001101
0.00021133,0.00015132,0.00010997
0.00021128,0.00015136,0.00010993
0.00021122,0.00015127,0.0001098
0.00021113,0.00015118,0.00010974
0.00021086,0.00015112,0.00010964
0.00021076,0.0001511,0.00010964
0.00021075,0.00015093,0.00010961
0.00021071,0.00015086,0.00010956
0.00021064,0.00015075,0.00010953
0.00021055,0.00015073,0.00010944
0.00021041,0.00015061,0.0001094
0.00021019,0.00015044,0.00010935
0.00021016,0.00015036,0.00010934
0.00021015,0.00015035,0.00010932
0.00021028,0.00015025,0.00010929
0.00020996,0.00015008,0.00010925
0.00021002,0.00015007,0.00010924
0.00020992,0.00015012,0.00010925
0.00020987,0.00015003,0.00010929
0.00020975,0.00015005,0.0001093
0.00020966,0.00014994,0.00010926
0.00020942,0.00014988,0.0001092
0.00020931,0.00014976,0.00010921
0.00020912,0.00014982,0.00010918
0.00020917,0.00014972,0.00010927
0.00020898,0.0001496,0.00010921
0.00020903,0.00014949,0.00010918
0.00020893,0.00014937,0.00010922
0.00020867,0.00014923,0.00010912
0.00020858,0.00014917,0.00010913
0.00020838,0.00014914,0.0001091
0.00020828,0.00014914,0.00010915
0.00020817,0.00014911,0.00010914
0.00020809,0.00014902,0.00010915
0.00020801,0.000149,0.00010912
0.00020786,0.00014889,0.00010911
0.00020773,0.00014873,0.00010907
0.00020755,0.00014871,0.00010907
0.00020722,0.00014869,0.00010907
0.00020712,0.0001487,0.00010901
0.00020709,0.00014868,0.00010896
0.00020706,0.00014851,0.00010892
0.00020687,0.00014832,0.00010889
0.0002067,0.0001481,0.00010884
0.00020662,0.00014806,0.00010885
0.00020656,0.00014798,0.00010887
0.0002065,0.00014792,0.00010883
0.00020641,0.00014795,0.00010879
0.00020632,0.00014779,0.00010876
0.00020621,0.0001477,0.00010871
0.00020601,0.00014766,0.00010873
0.00020589,0.00014768,0.00010869
0.0002058,0.00014768,0.00010865
0.00020581,0.00014762,0.00010867
0.00020564,0.00014763,0.00010865
0.00020546,0.00014746,0.00010862
0.00020542,0.00014735,0.00010861
0.00020517,0.00014719,0.00010854
0.00020505,0.0001472,0.00010853
0.00020491,0.00014709,0.00010851
0.00020489,0.00014695,0.00010848
0.0002049,0.00014688,0.00010836
0.00020484,0.00014684,0.00010829
0.00020465,0.00014679,0.00010825
0.00020441,0.00014663,0.00010816
0.00020424,0.00014652,0.00010818
0.00020414,0.00014651,0.00010816
0.00020394,0.0001465,0.00010813
0.00020368,0.0001463,0.00010804
0.00020336,0.00014624,0.000108
0.00020313,0.0001462,0.00010796
0.00020302,0.00014598,0.00010793
0.00020296,0.00014579,0.00010788
0.00020269,0.00014567,0.0001079
0.00020259,0.00014554,0.00010786
0.00020248,0.00014541,0.00010778
0.00020251,0.00014537,0.0001077
0.00020236,0.00014538,0.00010773
0.00020223,0.0001453,0.00010766
0.00020225,0.00014522,0.00010756
0.00020205,0.00014521,0.00010753
0.00020196,0.00014517,0.00010756
0.00020187,0.00014513,0.00010755
0.00020193,0.00014508,0.00010748
0.0002019,0.00014497,0.0001074
0.00020177,0.00014488,0.00010729
0.00020162,0.00014477,0.00010728
0.0002015,0.00014478,0.0001072
0.00020145,0.0001447,0.00010725
0.00020143,0.00014468,0.0001072
0.00020131,0.00014453,0.00010713
0.00020104,0.00014449,0.00010706
0.00020099,0.00014441,0.00010698
0.00020074,0.00014423,0.00010692
0.0002007,0.00014421,0.00010687
0.00020076,0.00014413,0.00010691
0.00020063,0.00014404,0.00010681
0.00020037,0.00014404,0.00010682
0.00020039,0.00014402,0.00010682
0.00020028,0.00014389,0.00010673
0.00020028,0.00014378,0.00010671
0.00020013,0.00014373,0.00010668
0.00020011,0.0001437,0.00010664
0.00020003,0.00014362,0.00010656
0.0002,0.00014359,0.0001065
0.00019982,0.0001436,0.0001065
0.00019963,0.00014346,0.00010648
0.00019948,0.00014328,0.00010642
0.00019926,0.00014322,0.00010629
0.00019913,0.0001431,0.00010625
0.00019879,0.00014287,0.0001062
0.00019852,0.00014288,0.00010607
0.00019835,0.00014289,0.00010602
0.00019825,0.00014288,0.00010598
0.0001982,0.00014288,0.00010592
0.00019797,0.00014296,0.00010588
0.00019778,0.00014292,0.00010585
0.0001976,0.0001429,0.00010579
0.00019753,0.00014285,0.00010572
0.00019744,0.0001429,0.00010568
0.00019721,0.00014279,0.0001056
0.00019707,0.00014276,0.00010558
0.00019709,0.00014272,0.0001055
0.000197,0.00014252,0.00010551
0.00019695,0.00014237,0.00010539
0.00019691,0.00014231,0.00010536
0.00019672,0.00014229,0.00010534
0.00019665,0.00014217,0.00010526
0.00019643,0.00014214,0.00010518
0.00019634,0.00014203,0.00010512
0.00019619,0.00014197,0.000105
0.00019609,0.00014197,0.00010491
0.00019592,0.00014177,0.00010481
0.00019584,0.00014169,0.00010473
0.00019577,0.00014162,0.00010467
0.00019559,0.00014148,0.00010455
0.0001955,0.00014146,0.00010448
0.00019537,0.00014134,0.0001044
0.00019542,0.00014121,0.00010437
0.00019538,0.00014118,0.00010428
0.00019548,0.00014115,0.0001043
0.00019549,0.00014111,0.00010425
0.00019535,0.00014111,0.00010421
0.00019524,0.00014099,0.00010414
0.00019537,0.00014089,0.00010413
0.00019532,0.00014074,0.00010406
0.00019529,0.00014067,0.00010404
0.00019519,0.0001406,0.00010403
0.00019521,0.00014053,0.000104
0.00019518,0.00014053,0.00010392
0.0001951,0.00014044,0.00010387
0.00019505,0.00014047,0.00010382
0.00019501,0.00014049,0.00010375
0.0001947,0.0001404,0.00010365
0.0001947,0.00014036,0.00010364
0.00019448,0.00014019,0.00010361
0.00019438,0.00014008,0.00010352
0.00019436,0.00014002,0.00010347
0.00019435,0.00014001,0.00010346
0.0001943,0.00013997,0.00010335
0.00019413,0.00013992,0.00010328
0.00019408,0.00013987,0.00010326
0.00019393,0.00013988,0.0001032
0.00019385,0.00013985,0.00010314
0.00019363,0.00013974,0.00010303
0.00019346,0.00013969,0.00010302
0.00019336,0.00013966,0.00010298
0.00019334,0.00013955,0.00010292
0.00019316,0.00013954,0.00010287
0.00019306,0.00013947,0.00010277
0.00019288,0.00013927,0.00010269
0.00019278,0.00013918,0.00010265
0.00019268,0.00013912,0.00010254
0.00019252,0.00013896,0.00010253
0.00019242,0.00013885,0.00010244
0.00019232,0.0001387,0.00010237
0.00019225,0.00013855,0.00010232
0.00019199,0.00013849,0.00010226
0.00019193,0.00013835,0.00010223
0.0001918,0.00013837,0.0001022
0.00019174,0.00013835,0.00010213
0.00019165,0.00013829,0.00010215
0.00019162,0.00013812,0.00010207
0.00019147,0.00013814,0.00010194
0.00019133,0.00013808,0.00010187
0.00019109,0.00013793,0.00010174
0.00019102,0.0001378,0.00010179
0.00019093,0.00013777,0.00010174
0.00019077,0.00013764,0.00010165
0.00019064,0.00013757,0.00010161
0.00019028,0.00013747,0.00010156
0.00019011,0.00013745,0.00010153
0.00019006,0.00013737,0.00010149
0.00019006,0.00013722,0.00010142
0.00018987,0.00013702,0.0001014
0.00018969,0.00013703,0.00010135
0.00018951,0.00013689,0.00010133
0.00018931,0.00013688,0.00010134
0.00018918,0.00013676,0.00010131
0.00018907,0.00013661,0.00010123
0.00018895,0.00013649,0.00010122
0.00018901,0.00013634,0.00010122
0.00018884,0.0001362,0.00010114
0.00018877,0.00013604,0.00010114
0.00018858,0.00013606,0.00010114
0.00018839,0.00013592,0.00010109
0.00018828,0.00013581,0.00010105
0.00018819,0.00013565,0.00010099
0.00018813,0.00013555,0.00010098
0.00018792,0.00013552,0.00010091
0.00018776,0.00013552,0.00010086
0.00018781,0.00013553,0.00010085
0.0001877,0.00013553,0.00010067
0.00018776,0.00013544,0.00010058
0.00018755,0.00013536,0.00010049
0.00018749,0.00013533,0.00010042
0.00018734,0.00013524,0.00010043
0.00018732,0.00013508,0.00010031
0.00018713,0.00013503,0.00010026
0.00018704,0.000135,0.00010027
0.00018693,0.00013496,0.00010021
0.00018686,0.0001349,0.0001002
0.00018681,0.0001348,0.00010019
0.00018675,0.00013474,0.00010016
0.00018667,0.00013486,0.00010017
0.00018665,0.0001348,0.0001001
0.00018663,0.00013469,0.00010011
0.00018663,0.00013455,0.00010012
0.00018658,0.00013448,0.00010006
0.00018641,0.00013449,0.00010005
0.0001864,0.00013435,0.00010004
0.00018617,0.00013419,0.00010002
0.0001861,0.00013407,9.9997e-05
0.00018602,0.00013405,9.9932e-05
0.00018611,0.00013397,9.9838e-05
0.0001859,0.00013391,9.9858e-05
0.00018582,0.00013391,9.9764e-05
0.00018572,0.00013382,9.9728e-05
0.00018555,0.00013371,9.9676e-05
0.00018543,0.0001336,9.9647e-05
0.00018536,0.00013341,9.9646e-05
0.00018527,0.00013337,9.9527e-05
0.00018513,0.00013334,9.9519e-05
0.00018501,0.00013344,9.9453e-05
0.00018502,0.00013334,9.9422e-05
0.00018484,0.00013332,9.939e-05
0.00018456,0.0001332,9.9335e-05
0.00018432,0.00013308,9.9337e-05
0.00018409,0.00013296,9.9279e-05
0.00018404,0.00013293,9.9214e-05
0.00018387,0.00013283,9.911e-05
0.00018368,0.00013281,9.9064e-05
0.00018342,0.00013271,9.9027e-05
0.0001832,0.00013276,9.8944e-05
0.00018298,0.0001327,9.8893e-05
0.00018282,0.0001327,9.8858e-05
0.00018274,0.00013273,9.8785e-05
0.00018263,0.00013263,9.8738e-05
0.00018237,0.00013261,9.8737e-05
0.00018224,0.00013268,9.8695e-05
0.00018217,0.00013268,9.8672e-05
0.000182,0.00013263,9.8585e-05
0.00018182,0.00013262,9.8544e-05
0.0001816,0.00013261,9.8494e-05
0.00018143,0.00013261,9.8395e-05
0.0001813,0.00013253,9.8376e-05
0.00018116,0.0001324,9.8338e-05
0.00018103,0.00013236,9.8322e-05
0.00018096,0.00013235,9.8285e-05
0.00018093,0.00013218,9.8248e-05
0.00018082,0.00013219,9.8184e-05
0.00018075,0.00013206,9.8091e-05
0.00018051,0.00013199,9.809e-05
0.00018025,0.00013193,9.8055e-05
0.00018013,0.00013194,9.7925e-05
0.00018005,0.00013206,9.7876e-05
0.00017991,0.00013196,9.7859e-05
0.00017988,0.00013202,9.7813e-05
0.00017977,0.00013195,9.7821e-05
0.00017957,0.00013198,9.7805e-05
0.00017934,0.00013194,9.7783e-05
0.00017932,0.00013184,9.7775e-05
0.00017928,0.00013171,9.7766e-05
0.00017908,0.00013161,9.7719e-05
0.0001789,0.00013149,9.7733e-05
0.00017877,0.0001314,9.7709e-05
0.00017888,0.00013131,9.7699e-05
0.00017874,0.00013125,9.764e-05
0.00017877,0.00013121,9.7531e-05
0.00017856,0.00013107,9.7486e-05
0.00017851,0.00013083,9.7414e-05
0.00017836,0.00013081,9.7331e-05
0.0001783,0.00013076,9.7364e-05
0.00017823,0.00013079,9.7257e-05
0.00017813,0.00013075,9.7141e-05
0.000178,0.00013071,9.7076e-05
0.00017781,0.0001307,9.7023e-05
0.00017767,0.00013053,9.6993e-05
0.00017746,0.00013067,9.6938e-05
0.0001774,0.00013059,9.6868e-05
0.00017728,0.00013054,9.6852e-05
0.00017711,0.00013049,9.6798e-05
0.00017702,0.00013036,9.6825e-05
0.00017687,0.00013019,9.6746e-05
0.0001768,0.00013014,9.668e-05
0.00017649,0.00013008,9.6615e-05
0.00017623,0.00012992,9.654e-05
0.00017589,0.00012978,9.6597e-05
0.00017573,0.0001297,9.6489e-05
0.0001757,0.00012969,9.6404e-05
0.00017563,0.00012967,9.6307e-05
0.00017536,0.00012954,9.622e-05
0.0001751,0.0001295,9.618e-05
0.00017504,0.00012933,9.6198e-05
0.00017483,0.00012917,9.6193e-05
0.00017473,0.0001291,9.6117e-05
0.00017444,0.000129,9.603e-05
0.00017421,0.00012889,9.5999e-05
0.00017388,0.00012881,9.5887e-05
0.00017362,0.00012882,9.5827e-05
0.00017356,0.00012871,9.5768e-05
0.00017339,0.00012868,9.5725e-05
0.00017332,0.00012853,9.5702e-05
0.00017313,0.00012848,9.5669e-05
0.00017296,0.00012838,9.5647e-05
0.00017295,0.00012828,9.5618e-05
0.00017282,0.00012818,9.5535e-05
0.00017273,0.00012815,9.5433e-05
0.00017253,0.00012805,9.544e-05
0.00017248,0.00012792,9.5386e-05
0.00017238,0.0001279,9.5391e-05
0.00017223,0.000128,9.5335e-05
0.00017209,0.00012791,9.5313e-05
0.00017204,0.00012795,9.524e-05
0.00017187,0.00012783,9.5225e-05
0.00017176,0.00012783,9.515e-05
0.00017173,0.00012779,9.5069e-05
0.00017163,0.00012788,9.5022e-05
0.00017158,0.00012769,9.5004e-05
0.00017159,0.00012768,9.49e-05
0.00017167,0.00012763,9.4861e-05
0.00017151,0.00012771,9.4793e-05
0.00017142,0.00012758,9.4757e-05
0.00017121,0.00012749,9.4782e-05
0.00017124,0.00012743,9.4718e-05
0.00017099,0.00012736,9.4693e-05
0.00017078,0.00012726,9.4698e-05
0.00017081,0.00012728,9.4593e-05
0.00017068,0.00012725,9.4603e-05
0.00017065,0.0001272,9.4543e-05
0.00017053,0.0001272,9.449e-05
0.00017052,0.0001272,9.4465e-05
0.00017055,0.00012715,9.4476e-05
0.00017044,0.00012708,9.45e-05
0.00017049,0.00012699,9.4493e-05
0.00017041,0.00012695,9.4485e-05
0.00017026,0.00012686,9.4426e-05
0.00017016,0.00012691,9.4449e-05
0.00017009,0.0001267,9.4478e-05
0.00017006,0.00012678,9.4483e-05
0.00016985,0.00012673,9.4478e-05
0.00016969,0.00012665,9.4466e-05
0.0001694,0.0001266,9.4447e-05
0.00016938,0.00012651,9.4424e-05
0.00016925,0.00012651,9.4394e-05
0.00016932,0.00012634,9.4361e-05
0.00016919,0.00012619,9.4369e-05
0.0001692,0.00012608,9.4392e-05
0.00016903,0.000126,9.4361e-05
0.00016887,0.00012588,9.4314e-05
0.00016851,0.0001257,9.4311e-05
0.00016836,0.00012552,9.4196e-05
0.00016808,0.00012526,9.4137e-05
0.00016793,0.00012517,9.4111e-05
0.00016786,0.00012511,9.4053e-05
0.00016774,0.00012507,9.4039e-05
0.00016752,0.00012498,9.3968e-05
0.00016733,0.00012494,9.3981e-05
0.00016703,0.00012485,9.3955e-05
0.0001669,0.00012482,9.3912e-05
0.00016691,0.00012482,9.3868e-05
0.0001667,0.00012475,9.3793e-05
0.00016657,0.00012467,9.3724e-05
0.00016637,0.00012456,9.3652e-05
0.00016617,0.00012447,9.3611e-05
0.00016604,0.00012437,9.3587e-05
0.00016588,0.00012424,9.3547e-05
0.00016569,0.00012406,9.3493e-05
0.00016567,0.000124,9.3437e-05
0.00016562,0.00012394,9.3384e-05
0.00016566,0.00012386,9.3352e-05
0.00016548,0.00012383,9.3285e-05
0.00016552,0.00012376,9.3248e-05
0.00016533,0.00012373,9.3185e-05
0.00016526,0.00012376,9.3175e-05
0.00016525,0.00012364,9.3179e-05
0.00016511,0.00012362,9.3089e-05
0.00016496,0.00012334,9.3142e-05
0.00016491,0.00012313,9.314e-05
0.00016485,0.00012313,9.3136e-05
0.00016483,0.00012304,9.312e-05
0.00016454,0.00012283,9.3042e-05
0.00016458,0.00012274,9.291e-05
0.00016452,0.00012271,9.2861e-05
0.00016441,0.00012265,9.2814e-05
0.00016448,0.00012257,9.2815e-05
0.00016435,0.00012249,9.2746e-05
0.00016431,0.00012236,9.2687e-05
0.00016425,0.00012231,9.2736e-05
0.00016407,0.00012225,9.259e-05
0.00016396,0.00012209,9.2581e-05
0.00016381,0.00012205,9.2499e-05
0.00016366,0.00012196,9.2486e-05
0.00016349,0.00012185,9.2466e-05
0.00016326,0.00012184,9.2428e-05
0.00016303,0.0001217,9.2362e-05
0.00016275,0.00012151,9.2312e-05
0.0001626,0.00012147,9.2242e-05
0.00016247,0.0001213,9.222e-05
0.00016237,0.00012118,9.2172e-05
0.00016234,0.0001211,9.2148e-05
0.00016222,0.00012093,9.2109e-05
0.00016201,0.00012084,9.2038e-05
0.00016197,0.00012085,9.2019e-05
0.00016168,0.00012066,9.2013e-05
0.00016146,0.00012053,9.192e-05
0.00016139,0.0001204,9.1842e-05
0.00016119,0.0001203,9.1837e-05
0.00016106,0.00012013,9.1757e-05
0.00016104,0.00012007,9.1742e-05
0.00016099,0.00011989,9.1739e-05
0.00016083,0.00011978,9.1699e-05
0.00016072,0.00011974,9.1582e-05
0.00016073,0.00011966,9.1614e-05
0.00016051,0.00011951,9.1601e-05
0.00016036,0.00011945,9.159e-05
0.00016019,0.00011941,9.1525e-05
0.00016015,0.00011941,9.1498e-05
0.0001599,0.00011926,9.1455e-05
0.00015985,0.00011914,9.1461e-05
0.00015986,0.00011906,9.1423e-05
0.00015987,0.00011904,9.1346e-05
0.00015992,0.00011895,9.1287e-05
0.00015995,0.00011895,9.1265e-05
0.00016008,0.00011888,9.122e-05
0.00015993,0.00011886,9.1165e-05
0.00015967,0.00011869,9.1052e-05
0.00015945,0.00011869,9.0962e-05
0.00015934,0.00011869,9.0929e-05
0.00015923,0.00011865,9.0851e-05
0.00015912,0.0001186,9.0817e-05
0.00015907,0.00011856,9.0741e-05
0.00015895,0.00011846,9.0689e-05
0.0001588,0.0001185,9.0678e-05
0.00015863,0.00011846,9.062e-05
0.00015855,0.00011847,9.0631e-05
0.00015835,0.00011839,9.0585e-05
0.00015815,0.0001184,9.057e-05
0.00015797,0.00011837,9.0573e-05
0.00015787,0.00011831,9.0471e-05
0.00015777,0.00011826,9.0447e-05
0.00015771,0.00011817,9.0383e-05
0.00015763,0.00011806,9.0306e-05
0.00015775,0.00011794,9.0276e-05
0.00015767,0.00011794,9.0236e-05
0.00015756,0.00011788,9.0214e-05
0.00015757,0.00011786,9.0181e-05
0.00015742,0.00011768,9.0092e-05
0.00015726,0.00011759,9.0051e-05
0.00015712,0.00011737,8.999e-05
0.00015697,0.00011736,8.9982e-05
0.00015696,0.00011721,8.9999e-05
0.00015695,0.00011714,9.0004e-05
0.00015669,0.00011708,8.9978e-05
0.00015646,0.00011698,8.9999e-05
0.00015653,0.00011683,8.9964e-05
0.00015624,0.00011676,8.9914e-05
0.00015614,0.00011658,8.981e-05
0.000156,0.00011654,8.9765e-05
0.00015579,0.00011644,8.9806e-05
0.0001557,0.00011636,8.9829e-05
0.00015538,0.00011627,8.972e-05
0.00015518,0.00011623,8.9722e-05
0.00015494,0.00011622,8.9682e-05
0.00015481,0.00011618,8.9689e-05
0.00015475,0.00011609,8.9632e-05
0.00015475,0.00011599,8.9578e-05
0.00015439,0.0001159,8.9459e-05
0.00015441,0.00011596,8.9373e-05
0.00015425,0.00011593,8.9297e-05
0.00015405,0.00011574,8.9211e-05
0.00015396,0.00011561,8.9162e-05
0.00015381,0.00011559,8.9119e-05
0.00015356,0.00011555,8.9059e-05
0.0001534,0.00011546,8.8987e-05
0.00015323,0.00011543,8.8925e-05
0.00015315,0.00011537,8.8888e-05
0.00015313,0.00011525,8.8838e-05
0.00015296,0.00011508,8.8764e-05
0.00015271,0.00011503,8.8706e-05
0.00015263,0.00011485,8.8673e-05
0.00015257,0.0001147,8.8611e-05
0.00015243,0.00011465,8.8533e-05
0.00015231,0.00011449,8.854e-05
0.00015223,0.00011448,8.8584e-05
0.00015217,0.00011439,8.8558e-05
0.00015176,0.00011416,8.8504e-05
0.00015158,0.000114,8.8475e-05
0.00015136,0.00011378,8.8433e-05
0.00015121,0.00011361,8.8419e-05
0.00015099,0.0001134,8.8353e-05
0.00015088,0.00011327,8.8372e-05
0.00015059,0.0001131,8.8305e-05
0.00015043,0.00011293,8.8259e-05
0.00015031,0.00011275,8.8307e-05
0.00015024,0.00011253,8.8204e-05
0.00015013,0.00011239,8.8129e-05
0.00015003,0.00011226,8.8149e-05
0.00014966,0.00011212,8.8091e-05
0.00014941,0.00011202,8.8103e-05
0.00014926,0.00011196,8.8116e-05
0.00014913,0.00011185,8.8001e-05
0.00014903,0.0001117,8.7963e-05
0.00014894,0.0001117,8.7982e-05
0.00014867,0.00011153,8.7888e-05
0.00014857,0.00011145,8.7844e-05
0.00014846,0.00011132,8.7802e-05
0.00014835,0.00011122,8.7776e-05
0.00014815,0.0001111,8.7779e-05
0.00014796,0.00011095,8.7721e-05
0.00014775,0.00011075,8.7604e-05
0.00014749,0.00011069,8.7658e-05
0.00014755,0.00011063,8.7629e-05
0.00014728,0.00011057,8.758e-05
0.00014711,0.00011053,8.7525e-05
0.00014701,0.00011032,8.7525e-05
0.00014679,0.00011022,8.7529e-05
0.00014673,0.00011019,8.7484e-05
0.00014656,0.00011012,8.7413e-05
0.00014657,0.00011009,8.7421e-05
0.0001464,0.00011012,8.7281e-05
0.00014624,0.00011001,8.7266e-05
0.00014612,0.00011003,8.718e-05
0.0001461,0.00010998,8.7095e-05
0.00014588,0.0001099,8.706e-05
0.00014584,0.00010984,8.7005e-05
0.00014569,0.00010991,8.691e-05
0.00014559,0.00010982,8.6853e-05
0.00014542,0.00010981,8.6824e-05
0.00014527,0.00010967,8.6815e-05
0.00014531,0.00010957,8.6798e-05
0.0001451,0.00010949,8.674e-05
0.0001449,0.0001094,8.6637e-05
0.00014476,0.00010928,8.6602e-05
0.00014457,0.00010924,8.6481e-05
0.00014469,0.00010921,8.6453e-05
0.00014469,0.00010927,8.6393e-05
0.00014451,0.00010909,8.6313e-05
0.00014427,0.00010904,8.6349e-05
0.00014416,0.00010906,8.6296e-05
0.00014398,0.00010899,8.6285e-05
0.00014387,0.00010899,8.6247e-05
0.00014365,0.00010901,8.6173e-05
0.00014341,0.00010897,8.6212e-05
0.00014325,0.00010889,8.6151e-05
0.0001432,0.00010879,8.6188e-05
0.00014299,0.00010864,8.6158e-05
0.00014256,0.00010849,8.6133e-05
0.00014226,0.00010844,8.6129e-05
0.00014211,0.00010835,8.6061e-05
0.00014195,0.00010822,8.6e-05
0.00014181,0.00010823,8.5953e-05
0.00014167,0.00010815,8.5895e-05
0.00014159,0.000108,8.5866e-05
0.00014151,0.00010795,8.5825e-05
0.00014136,0.00010782,8.5832e-05
0.00014141,0.00010782,8.5812e-05
0.00014129,0.00010779,8.5735e-05
0.00014121,0.00010765,8.5687e-05
0.0001412,0.00010751,8.5693e-05
0.00014088,0.00010737,8.5675e-05
0.00014065,0.0001072,8.5698e-05
0.00014047,0.00010707,8.5619e-05
0.00014024,0.00010695,8.5582e-05
0.00014027,0.0001069,8.5497e-05
0.00014024,0.00010681,8.5436e-05
0.00014015,0.00010665,8.5421e-05
0.00013988,0.00010656,8.5369e-05
0.00013994,0.00010652,8.5302e-05
0.0001396,0.00010642,8.5273e-05
0.00013956,0.00010624,8.5256e-05
0.00013946,0.00010609,8.5229e-05
0.00013938,0.00010593,8.522e-05
0.00013934,0.00010591,8.5136e-05
0.00013918,0.00010582,8.5123e-05
0.00013917,0.00010568,8.5106e-05
0.00013895,0.00010559,8.5031e-05
0.00013885,0.0001055,8.4997e-05
0.00013879,0.00010532,8.5024e-05
0.00013847,0.00010524,8.4964e-05
0.00013838,0.00010498,8.4902e-05
0.00013816,0.00010499,8.4871e-05
0.00013803,0.00010497,8.4838e-05
0.00013784,0.00010496,8.4815e-05
0.00013774,0.00010497,8.4749e-05
0.00013748,0.00010487,8.4683e-05
0.00013734,0.00010479,8.4585e-05
0.00013719,0.00010471,8.4475e-05
0.00013701,0.00010461,8.4392e-05
0.00013682,0.00010452,8.4263e-05
0.00013675,0.00010449,8.4147e-05
0.00013655,0.00010436,8.4069e-05
0.00013637,0.0001044,8.4027e-05
0.0001362,0.00010433,8.3979e-05
0.00013592,0.00010425,8.3945e-05
0.00013578,0.00010422,8.3904e-05
0.00013568,0.00010416,8.387e-05
0.00013556,0.00010403,8.379e-05
0.00013545,0.00010398,8.373e-05
0.00013542,0.00010388,8.3753e-05
0.00013511,0.00010382,8.3717e-05
0.000135,0.00010375,8.3671e-05
0.00013487,0.00010368,8.3657e-05
0.00013484,0.00010344,8.3653e-05
0.00013449,0.00010333,8.3559e-05
0.00013452,0.00010316,8.3591e-05
0.0001344,0.00010306,8.3583e-05
0.0001342,0.00010288,8.3535e-05
0.00013403,0.00010275,8.3443e-05
0.00013385,0.0001026,8.3428e-05
0.00013367,0.00010258,8.344e-05
0.00013359,0.00010251,8.3342e-05
0.00013356,0.00010251,8.335e-05
0.00013328,0.00010247,8.3369e-05
0.00013306,0.00010243,8.3278e-05
0.000133,0.00010223,8.3292e-05
0.00013279,0.00010221,8.3275e-05
0.00013252,0.00010206,8.3202e-05
0.00013234,0.00010193,8.3113e-05
0.0001322,0.00010188,8.3048e-05
0.00013196,0.00010175,8.3017e-05
0.00013182,0.00010164,8.2972e-05
0.00013148,0.0001016,8.2977e-05
0.00013141,0.00010144,8.293e-05
0.00013132,0.00010136,8.2824e-05
0.00013112,0.00010138,8.2789e-05
0.00013112,0.00010124,8.2703e-05
0.00013101,0.0001011,8.2659e-05
0.00013095,0.00010103,8.2593e-05
0.00013086,0.00010111,8.254e-05
0.00013085,0.00010097,8.2482e-05
0.00013067,0.00010095,8.2474e-05
0.00013055,0.00010084,8.2454e-05
0.00013038,0.00010077,8.2452e-05
0.00013034,0.00010063,8.2372e-05
0.00013027,0.00010044,8.237e-05
0.00013017,0.0001004,8.235e-05
0.00012985,0.00010036,8.2342e-05
0.00012958,0.00010031,8.229e-05
0.00012929,0.00010015,8.2246e-05
0.00012919,9.9978e-05,8.2255e-05
0.00012902,9.9883e-05,8.2189e-05
0.00012895,9.9709e-05,8.2207e-05
0.00012888,9.9524e-05,8.2045e-05
0.00012864,9.9466e-05,8.2052e-05
0.00012852,9.9282e-05,8.2012e-05
0.00012833,9.9127e-05,8.2002e-05
0.00012831,9.9087e-05,8.1913e-05
0.00012816,9.9028e-05,8.189e-05
0.00012803,9.8906e-05,8.1877e-05
0.00012808,9.8753e-05,8.1848e-05
0.00012792,9.878e-05,8.1817e-05
0.0001279,9.8846e-05,8.177e-05
0.00012771,9.8756e-05,8.1748e-05
0.00012774,9.8734e-05,8.1702e-05
0.00012766,9.8777e-05,8.1723e-05
0.00012744,9.867e-05,8.1676e-05
0.00012713,9.8581e-05,8.1677e-05
0.00012696,9.8502e-05,8.1579e-05
0.00012673,9.8468e-05,8.1555e-05
0.00012651,9.8391e-05,8.1478e-05
0.00012637,9.8413e-05,8.1351e-05
0.00012611,9.8343e-05,8.1265e-05
0.00012581,9.8295e-05,8.1198e-05
0.00012566,9.8216e-05,8.1182e-05
0.00012546,9.8092e-05,8.112e-05
0.0001252,9.7975e-05,8.1062e-05
0.000125,9.7862e-05,8.0966e-05
0.00012481,9.7723e-05,8.0976e-05
0.00012469,9.7566e-05,8.0951e-05
0.00012441,9.7451e-05,8.0918e-05
0.00012435,9.7365e-05,8.0864e-05
0.0001242,9.7184e-05,8.0838e-05
0.000124,9.7162e-05,8.081e-05
0.0001239,9.7035e-05,8.0838e-05
0.00012372,9.6975e-05,8.0837e-05
0.00012363,9.6867e-05,8.0799e-05
0.00012362,9.675e-05,8.0745e-05
0.00012331,9.6651e-05,8.0697e-05
0.00012325,9.6602e-05,8.0658e-05
0.00012311,9.662e-05,8.0583e-05
0.000123,9.6542e-05,8.0571e-05
0.00012279,9.6577e-05,8.0522e-05
0.00012259,9.6566e-05,8.0494e-05
0.00012257,9.6428e-05,8.0441e-05
0.00012244,9.6273e-05,8.0412e-05
0.00012228,9.6249e-05,8.0357e-05
0.00012214,9.6123e-05,8.0306e-05
0.00012191,9.6091e-05,8.0227e-05
0.00012175,9.6099e-05,8.0231e-05
0.00012171,9.6052e-05,8.0195e-05
0.00012156,9.599e-05,8.017e-05
0.00012154,9.6026e-05,8.0135e-05
0.00012121,9.5895e-05,8.0085e-05
0.00012092,9.5744e-05,8.0041e-05
0.00012074,9.5613e-05,8.0036e-05
0.0001204,9.5576e-05,8.0012e-05
0.00012023,9.549e-05,7.9948e-05
0.00012024,9.5431e-05,7.9906e-05
0.00012008,9.5321e-05,7.9908e-05
0.00012001,9.5192e-05,7.9867e-05
0.00011996,9.5041e-05,7.9894e-05
0.00011955,9.4969e-05,7.9918e-05
0.00011925,9.4865e-05,7.9874e-05
0.00011898,9.4757e-05,7.9828e-05
0.00011892,9.4586e-05,7.9788e-05
0.00011878,9.448e-05,7.9748e-05
0.00011855,9.4381e-05,7.9777e-05
0.0001185,9.427e-05,7.9791e-05
0.00011834,9.4168e-05,7.9792e-05
0.00011838,9.4149e-05,7.9792e-05
0.00011813,9.4116e-05,7.9764e-05
0.00011807,9.4146e-05,7.97e-05
0.00011785,9.402e-05,7.9664e-05
0.00011755,9.3923e-05,7.9572e-05
0.00011737,9.3774e-05,7.9538e-05
0.00011742,9.3655e-05,7.9518e-05
0.00011723,9.3684e-05,7.9525e-05
0.00011712,9.3592e-05,7.9486e-05
0.00011696,9.3579e-05,7.9498e-05
0.00011667,9.3495e-05,7.9498e-05
0.00011654,9.3367e-05,7.9543e-05
0.00011628,9.3358e-05,7.9477e-05
0.00011623,9.327e-05,7.9479e-05
0.00011605,9.3212e-05,7.9471e-05
0.00011595,9.3113e-05,7.9472e-05
0.00011583,9.303e-05,7.9351e-05
0.00011565,9.2911e-05,7.9306e-05
0.00011533,9.2906e-05,7.9241e-05
